<?xml version="1.0" encoding="UTF-8"?>
<!DOCTYPE struts-config PUBLIC
"-//Apache Software Foundation//DTD Struts Configuration 1.3//EN"
"http://jakarta.apache.org/struts/dtds/struts-config_1_3.dtd">

<struts-config>
	<!-- List of forms in application -->
	<form-beans>
		<form-bean name="loginForm"
			type="com.montran.form.LoginForm" />
		<form-bean name="userDetailsForm"
			type="com.montran.form.UserDetailsForm" />
	</form-beans>

	<!-- List of action in application -->
	<action-mappings>
		<action path="/login" type="com.montran.action.LoginAction"
			name="loginForm">
			<forward name="success" path="/print.jsp" />
		</action>
		<action path="/userDetails"
			type="com.montran.action.UserDetailsAction" name="userDetailsForm">
			<forward name="success" path="/printUserDetails.jsp" />
		</action>
	</action-mappings>
</struts-config>