<?xml version="1.0" encoding="UTF-8"?>
<!DOCTYPE struts-config PUBLIC
"-//Apache Software Foundation//DTD Struts Configuration 1.3//EN"
"http://jakarta.apache.org/struts/dtds/struts-config_1_3.dtd">

<struts-config>
	<!-- List of forms in application -->
	<form-beans>
		<form-bean name="employeeForm"
			type="com.montran.form.EmployeeForm"></form-bean>
	</form-beans>

	<!-- List of action in application -->
	<action-mappings>
		<action path="/addNewEmployeeAction"
			type="com.montran.action.AddNewEmployeeAction" name="employeeForm">
			<forward name="success" path="/employeeHome.jsp" />
		</action>

		<action path="/employeeListAction"
			type="com.montran.action.EmployeeListAction">
			<forward name="success" path="/AllEmployees.jsp" />
		</action>
	</action-mappings>

	<message-resources parameter="Common" />

</struts-config>