<?xml version='1.0' encoding='utf-8'?>
<!DOCTYPE hibernate-configuration PUBLIC
    "-//Hibernate/Hibernate Configuration DTD//EN"
    "http://hibernate.sourceforge.net/hibernate-configuration-3.0.dtd">

<hibernate-configuration>
	<session-factory>
		<!-- JDBC Database Connection Settings -->
		<property name="connection.driver_class">oracle.jdbc.driver.OracleDriver</property>
		<property name="connection.url">jdbc:oracle:thin:@127.0.0.1:1521:xe</property>
		<property name="connection.username">lms</property>
		<property name="connection.password">lms</property>

		<!-- Select your SQL dialect -->
		<property name="dialect">org.hibernate.dialect.Oracle12cDialect</property>

		<!-- Echo the SQL on console -->
		<property name="show_sql">true</property>
		<property name="hbm2ddl.auto">update</property>

		<mapping class="com.montran.pojo.Book" />
		<mapping class="com.montran.pojo.Member" />
		<mapping class="com.montran.pojo.IssueDetails" />
	</session-factory>
</hibernate-configuration>
