<?xml version="1.0" encoding="UTF-8"?>
<!DOCTYPE struts-config PUBLIC
"-//Apache Software Foundation//DTD Struts Configuration 1.3//EN"
"http://jakarta.apache.org/struts/dtds/struts-config_1_3.dtd">

<struts-config>
	<!-- List of forms in application -->
	<form-beans>
		<form-bean name="helloWorldForm"
			type="com.montran.form.HelloWorldForm" />
		<form-bean name="userDetailsForm"
			type="com.montran.form.UserDetailsForm" />
	</form-beans>

	<!-- List of action in application -->
	<action-mappings>
		<!-- http://localhost:8080/01_HelloWorld_Strut/helloWorld.do -->
		<action path="/helloWorld"
			type="com.montran.action.HelloWorldAction" name="helloWorldForm">
			<forward name="success" path="/HelloWorld.jsp" />
		</action>
		<action path="/userAction"
			type="com.montran.action.UserDetailsAction" name="userDetailsForm">
			<forward name="success" path="/printDetails.jsp" />
		</action>
	</action-mappings>
</struts-config>